,external_ids,id,is_trans,name,rgb
0,"{'BrickOwl': {'ext_descrs': [['Black']], 'ext_ids': [38]}, 'Peeron': {'ext_descrs': [['black']], 'ext_ids': [None]}, 'BrickLink': {'ext_descrs': [['Black']], 'ext_ids': [11]}, 'LDraw': {'ext_descrs': [['Black']], 'ext_ids': [0]}, 'LEGO': {'ext_descrs': [['Black', 'BLACK'], ['Metallic Black', 'MET.BLACK'], ['CONDUCT. BLACK']], 'ext_ids': [26, 149, 1012]}}",0,False,Black,05131D
1,"{'BrickOwl': {'ext_descrs': [['Blue']], 'ext_ids': [39]}, 'Peeron': {'ext_descrs': [['blue']], 'ext_ids': [None]}, 'BrickLink': {'ext_descrs': [['Blue']], 'ext_ids': [7]}, 'LDraw': {'ext_descrs': [['Blue']], 'ext_ids': [1]}, 'LEGO': {'ext_descrs': [['Bright Blue', 'BR.BLUE'], ['Metallic Bright Blue', 'MET. BR. BLUE']], 'ext_ids': [23, 185]}}",1,False,Blue,0055BF
2,"{'BrickOwl': {'ext_descrs': [['Green']], 'ext_ids': [61]}, 'Peeron': {'ext_descrs': [['green']], 'ext_ids': [None]}, 'BrickLink': {'ext_descrs': [['Green']], 'ext_ids': [6]}, 'LDraw': {'ext_descrs': [['Green'], ['Metallic_Dark_Green']], 'ext_ids': [2, 186]}, 'LEGO': {'ext_descrs': [['Dark green', 'DK.GREEN'], ['Metallic Dark Green', 'MET. DK. GREEN']], 'ext_ids': [28, 186]}}",2,False,Green,237841
3,"{'BrickOwl': {'ext_descrs': [['Dark Turquoise']], 'ext_ids': [58]}, 'Peeron': {'ext_descrs': [['teal']], 'ext_ids': [None]}, 'BrickLink': {'ext_descrs': [['Dark Turquoise']], 'ext_ids': [39]}, 'LDraw': {'ext_descrs': [['Dark_Turquoise']], 'ext_ids': [3]}, 'LEGO': {'ext_descrs': [['Bright bluish green', 'BR.BLUEGREEN']], 'ext_ids': [107]}}",3,False,Dark Turquoise,008F9B
4,"{'BrickOwl': {'ext_descrs': [['Red']], 'ext_ids': [81]}, 'Peeron': {'ext_descrs': [['red']], 'ext_ids': [None]}, 'BrickLink': {'ext_descrs': [['Red']], 'ext_ids': [5]}, 'LDraw': {'ext_descrs': [['Red'], ['Metallic_Bright_Red']], 'ext_ids': [4, 184]}, 'LEGO': {'ext_descrs': [['Bright red', 'BR.RED'], ['Metallic Bright Red', 'MET. BR. RED']], 'ext_ids': [21, 184]}}",4,False,Red,C91A09
5,"{'BrickOwl': {'ext_descrs': [['Dark Pink']], 'ext_ids': [17]}, 'Peeron': {'ext_descrs': [['dkpink']], 'ext_ids': [None]}, 'BrickLink': {'ext_descrs': [['Dark Pink']], 'ext_ids': [47]}, 'LDraw': {'ext_descrs': [['Dark_Pink']], 'ext_ids': [5]}, 'LEGO': {'ext_descrs': [['Bright Purple', 'BR. PURPLE']], 'ext_ids': [221]}}",5,False,Dark Pink,C870A0
6,"{'BrickOwl': {'ext_descrs': [['Brown']], 'ext_ids': [46]}, 'Peeron': {'ext_descrs': [['oldbrown']], 'ext_ids': [None]}, 'BrickLink': {'ext_descrs': [['Brown']], 'ext_ids': [8]}, 'LDraw': {'ext_descrs': [['Brown']], 'ext_ids': [6]}, 'LEGO': {'ext_descrs': [['Sand Yellow Metallic', 'MET. EAR.ORA'], ['Brown'], ['Earth Orange', 'EARTH-ORA']], 'ext_ids': [187, 217, 25]}}",6,False,Brown,583927
7,"{'BrickOwl': {'ext_descrs': [['Light Gray']], 'ext_ids': [66]}, 'Peeron': {'ext_descrs': [['oldgray']], 'ext_ids': [None]}, 'BrickLink': {'ext_descrs': [['Light Gray']], 'ext_ids': [9]}, 'LDraw': {'ext_descrs': [['Light_Gray']], 'ext_ids': [7]}, 'LEGO': {'ext_descrs': [['Grey']], 'ext_ids': [2]}}",7,False,Light Gray,9BA19D
8,"{'BrickOwl': {'ext_descrs': [['Dark Gray']], 'ext_ids': [53]}, 'Peeron': {'ext_descrs': [['olddkgray']], 'ext_ids': [None]}, 'BrickLink': {'ext_descrs': [['Dark Gray']], 'ext_ids': [10]}, 'LDraw': {'ext_descrs': [['Dark_Gray']], 'ext_ids': [8]}, 'LEGO': {'ext_descrs': [['Dark grey', 'DK.GREY']], 'ext_ids': [27]}}",8,False,Dark Gray,6D6E5C
9,"{'BrickOwl': {'ext_descrs': [['Light Blue']], 'ext_ids': [63]}, 'Peeron': {'ext_descrs': [['ltblue']], 'ext_ids': [None]}, 'BrickLink': {'ext_descrs': [['Light Blue']], 'ext_ids': [62]}, 'LDraw': {'ext_descrs': [['Light_Blue']], 'ext_ids': [9]}, 'LEGO': {'ext_descrs': [['Light blue']], 'ext_ids': [45]}}",9,False,Light Blue,B4D2E3
10,"{'BrickOwl': {'ext_descrs': [['Bright Green']], 'ext_ids': [41]}, 'Peeron': {'ext_descrs': [['btgreen']], 'ext_ids': [None]}, 'BrickLink': {'ext_descrs': [['Bright Green']], 'ext_ids': [36]}, 'LDraw': {'ext_descrs': [['Bright_Green']], 'ext_ids': [10]}, 'LEGO': {'ext_descrs': [['Bright Green', 'BR.GREEN']], 'ext_ids': [37]}}",10,False,Bright Green,4B9F4A
11,"{'BrickOwl': {'ext_descrs': [['Light Turquoise']], 'ext_ids': [12]}, 'Peeron': {'ext_descrs': [['ltteal']], 'ext_ids': [None]}, 'BrickLink': {'ext_descrs': [['Light Turquoise']], 'ext_ids': [40]}, 'LDraw': {'ext_descrs': [['Light_Turquoise']], 'ext_ids': [11]}, 'LEGO': {'ext_descrs': [['Med. bluish green', 'MD.BL-GREEN']], 'ext_ids': [116]}}",11,False,Light Turquoise,55A5AF
12,"{'BrickOwl': {'ext_descrs': [['Salmon']], 'ext_ids': [84]}, 'Peeron': {'ext_descrs': [['salmon']], 'ext_ids': [None]}, 'BrickLink': {'ext_descrs': [['Salmon']], 'ext_ids': [25]}, 'LDraw': {'ext_descrs': [['Salmon']], 'ext_ids': [12]}, 'LEGO': {'ext_descrs': [['Brick Red']], 'ext_ids': [4]}}",12,False,Salmon,F2705E
13,"{'BrickOwl': {'ext_descrs': [['Pink']], 'ext_ids': [3]}, 'Peeron': {'ext_descrs': [['pink']], 'ext_ids': [None]}, 'BrickLink': {'ext_descrs': [['Pink']], 'ext_ids': [23]}, 'LDraw': {'ext_descrs': [['Pink']], 'ext_ids': [13]}, 'LEGO': {'ext_descrs': [['L.REDVIOL']], 'ext_ids': [1007]}}",13,False,Pink,FC97AC
14,"{'BrickOwl': {'ext_descrs': [['Yellow']], 'ext_ids': [93]}, 'Peeron': {'ext_descrs': [['yellow']], 'ext_ids': [None]}, 'BrickLink': {'ext_descrs': [['Yellow']], 'ext_ids': [3]}, 'LDraw': {'ext_descrs': [['Yellow']], 'ext_ids': [14]}, 'LEGO': {'ext_descrs': [['Bright yellow', 'BR.YEL']], 'ext_ids': [24]}}",14,False,Yellow,F2CD37
15,"{'BrickOwl': {'ext_descrs': [['White']], 'ext_ids': [92]}, 'Peeron': {'ext_descrs': [['white']], 'ext_ids': [None]}, 'BrickLink': {'ext_descrs': [['White']], 'ext_ids': [1]}, 'LDraw': {'ext_descrs': [['White']], 'ext_ids': [15]}, 'LEGO': {'ext_descrs': [['White']], 'ext_ids': [1]}}",15,False,White,FFFFFF
16,"{'BrickOwl': {'ext_descrs': [['Light Green']], 'ext_ids': [11]}, 'Peeron': {'ext_descrs': [['ltgreen']], 'ext_ids': [None]}, 'BrickLink': {'ext_descrs': [['Light Green']], 'ext_ids': [38]}, 'LDraw': {'ext_descrs': [['Light_Green']], 'ext_ids': [17]}, 'LEGO': {'ext_descrs': [['Light green', 'L.GREEN']], 'ext_ids': [6]}}",17,False,Light Green,C2DAB8
17,"{'BrickOwl': {'ext_descrs': [['Light Yellow']], 'ext_ids': [9]}, 'Peeron': {'ext_descrs': [['ltyellow']], 'ext_ids': [None]}, 'BrickLink': {'ext_descrs': [['Light Yellow']], 'ext_ids': [33]}, 'LDraw': {'ext_descrs': [['Light_Yellow']], 'ext_ids': [18]}, 'LEGO': {'ext_descrs': [['Light yellow']], 'ext_ids': [3]}}",18,False,Light Yellow,FBE696
18,"{'BrickOwl': {'ext_descrs': [['Tan']], 'ext_ids': [89]}, 'Peeron': {'ext_descrs': [['tan']], 'ext_ids': [None]}, 'BrickLink': {'ext_descrs': [['Tan']], 'ext_ids': [2]}, 'LDraw': {'ext_descrs': [['Tan']], 'ext_ids': [19]}, 'LEGO': {'ext_descrs': [['Brick yellow', 'BRICK-YEL']], 'ext_ids': [5]}}",19,False,Tan,E4CD9E
19,"{'BrickOwl': {'ext_descrs': [['Light Violet']], 'ext_ids': [16]}, 'Peeron': {'ext_descrs': [['ltviolet']], 'ext_ids': [None]}, 'BrickLink': {'ext_descrs': [['Light Violet']], 'ext_ids': [44]}, 'LDraw': {'ext_descrs': [['Light_Violet']], 'ext_ids': [20]}, 'LEGO': {'ext_descrs': [['Light bluish violet', 'L.BLUEVIOL']], 'ext_ids': [39]}}",20,False,Light Violet,C9CAE2
20,"{'BrickOwl': {'ext_descrs': [['Glow in the Dark Opaque']], 'ext_ids': [127]}, 'Peeron': {'ext_descrs': [['glowinthedark']], 'ext_ids': [None]}, 'BrickLink': {'ext_descrs': [['Glow In Dark Opaque']], 'ext_ids': [46]}, 'LDraw': {'ext_descrs': [['Glow_In_Dark_Opaque']], 'ext_ids': [21]}, 'LEGO': {'ext_descrs': [['Phosp. White', 'PHOS.WHITE']], 'ext_ids': [50]}}",21,False,Glow In Dark Opaque,D4D5C9
21,"{'BrickOwl': {'ext_descrs': [['Purple']], 'ext_ids': [4]}, 'Peeron': {'ext_descrs': [['purple']], 'ext_ids': [None]}, 'BrickLink': {'ext_descrs': [['Purple']], 'ext_ids': [24]}, 'LDraw': {'ext_descrs': [['Purple']], 'ext_ids': [22]}, 'LEGO': {'ext_descrs': [['Bright violet', 'BR. VIOLET']], 'ext_ids': [104]}}",22,False,Purple,81007B
22,"{'BrickOwl': {'ext_descrs': [['Dark Royal Blue']], 'ext_ids': [49]}, 'Peeron': {'ext_descrs': [['dkroyalblue']], 'ext_ids': [None]}, 'BrickLink': {'ext_descrs': [['Dark Blue-Violet']], 'ext_ids': [109]}, 'LDraw': {'ext_descrs': [['Dark_Blue_Violet']], 'ext_ids': [23]}, 'LEGO': {'ext_descrs': [['Dark Royal blue', 'DK. R.BLUE']], 'ext_ids': [196]}}",23,False,Dark Blue-Violet,2032B0
23,"{'BrickOwl': {'ext_descrs': [['Orange']], 'ext_ids': [80]}, 'Peeron': {'ext_descrs': [['orange']], 'ext_ids': [None]}, 'BrickLink': {'ext_descrs': [['Orange']], 'ext_ids': [4]}, 'LDraw': {'ext_descrs': [['Orange']], 'ext_ids': [25]}, 'LEGO': {'ext_descrs': [['Bright orange', 'BR.ORANGE']], 'ext_ids': [106]}}",25,False,Orange,FE8A18
24,"{'BrickOwl': {'ext_descrs': [['Magenta']], 'ext_ids': [72]}, 'Peeron': {'ext_descrs': [['magenta']], 'ext_ids': [None]}, 'BrickLink': {'ext_descrs': [['Magenta']], 'ext_ids': [71]}, 'LDraw': {'ext_descrs': [['Magenta']], 'ext_ids': [26]}, 'LEGO': {'ext_descrs': [['Bright reddish violet', 'BR.RED-VIOL.']], 'ext_ids': [124]}}",26,False,Magenta,923978
25,"{'BrickOwl': {'ext_descrs': [['Lime']], 'ext_ids': [70]}, 'Peeron': {'ext_descrs': [['lime']], 'ext_ids': [None]}, 'BrickLink': {'ext_descrs': [['Lime']], 'ext_ids': [34]}, 'LDraw': {'ext_descrs': [['Lime']], 'ext_ids': [27]}, 'LEGO': {'ext_descrs': [['Br. yellowish green', 'BR.YEL-GREEN']], 'ext_ids': [119]}}",27,False,Lime,BBE90B
26,"{'BrickOwl': {'ext_descrs': [['Dark Tan']], 'ext_ids': [57]}, 'Peeron': {'ext_descrs': [['dktan']], 'ext_ids': [None]}, 'BrickLink': {'ext_descrs': [['Dark Tan']], 'ext_ids': [69]}, 'LDraw': {'ext_descrs': [['Dark_Tan']], 'ext_ids': [28]}, 'LEGO': {'ext_descrs': [['Sand yellow']], 'ext_ids': [138]}}",28,False,Dark Tan,958A73
27,"{'BrickOwl': {'ext_descrs': [['Bright Pink']], 'ext_ids': [45]}, 'Peeron': {'ext_descrs': [['btpink']], 'ext_ids': [None]}, 'BrickLink': {'ext_descrs': [['Bright Pink']], 'ext_ids': [104]}, 'LDraw': {'ext_descrs': [['Bright_Pink']], 'ext_ids': [29]}, 'LEGO': {'ext_descrs': [['Light Purple', 'LGH. PURPLE']], 'ext_ids': [222]}}",29,False,Bright Pink,E4ADC8
28,"{'BrickOwl': {'ext_descrs': [['Medium Lavender']], 'ext_ids': [76]}, 'Peeron': {'ext_descrs': [['mdlavender']], 'ext_ids': [None]}, 'BrickLink': {'ext_descrs': [['Medium Lavender']], 'ext_ids': [157]}, 'LDraw': {'ext_descrs': [['Medium_Lavender']], 'ext_ids': [30]}, 'LEGO': {'ext_descrs': [['Medium Lavender', 'MEDIUM LAVENDEL']], 'ext_ids': [324]}}",30,False,Medium Lavender,AC78BA
29,"{'BrickOwl': {'ext_descrs': [['Lavender']], 'ext_ids': [36]}, 'Peeron': {'ext_descrs': [['lavender']], 'ext_ids': [None]}, 'BrickLink': {'ext_descrs': [['Lavender']], 'ext_ids': [154]}, 'LDraw': {'ext_descrs': [['Lavender']], 'ext_ids': [31]}, 'LEGO': {'ext_descrs': [['Lavender']], 'ext_ids': [325]}}",31,False,Lavender,E1D5ED
30,"{'LDraw': {'ext_descrs': [['Trans_Black_IR_Lens']], 'ext_ids': [32]}}",32,True,Trans-Black IR Lens,635F52
31,"{'BrickOwl': {'ext_descrs': [['Transparent Dark Blue']], 'ext_ids': [98]}, 'Peeron': {'ext_descrs': [['trblue']], 'ext_ids': [None]}, 'BrickLink': {'ext_descrs': [['Trans-Dark Blue']], 'ext_ids': [14]}, 'LDraw': {'ext_descrs': [['Trans_Dark_Blue']], 'ext_ids': [33]}, 'LEGO': {'ext_descrs': [['Tr. Blue', 'TR.BLUE']], 'ext_ids': [43]}}",33,True,Trans-Dark Blue,0020A0
32,"{'BrickOwl': {'ext_descrs': [['Transparent Green']], 'ext_ids': [100]}, 'Peeron': {'ext_descrs': [['trgreen']], 'ext_ids': [None]}, 'BrickLink': {'ext_descrs': [['Trans-Green']], 'ext_ids': [20]}, 'LDraw': {'ext_descrs': [['Trans_Green']], 'ext_ids': [34]}, 'LEGO': {'ext_descrs': [['Tr. Green', 'TR.GREEN']], 'ext_ids': [48]}}",34,True,Trans-Green,84B68D
33,"{'BrickOwl': {'ext_descrs': [['Transparent Bright Green']], 'ext_ids': [96]}, 'Peeron': {'ext_descrs': [['trbtgreen']], 'ext_ids': [None]}, 'BrickLink': {'ext_descrs': [['Trans-Bright Green']], 'ext_ids': [108]}, 'LDraw': {'ext_descrs': [['Trans_Bright_Green']], 'ext_ids': [35]}, 'LEGO': {'ext_descrs': [['Transparent Bright Yellowish Green', 'TR. BR. YEL GR'], ['Transparent Bright Green', 'TR. BR. GREEN']], 'ext_ids': [227, 311]}}",35,True,Trans-Bright Green,D9E4A7
34,"{'BrickOwl': {'ext_descrs': [['Transparent Red']], 'ext_ids': [108]}, 'Peeron': {'ext_descrs': [['trred']], 'ext_ids': [None]}, 'BrickLink': {'ext_descrs': [['Trans-Red']], 'ext_ids': [17]}, 'LDraw': {'ext_descrs': [['Trans_Red']], 'ext_ids': [36]}, 'LEGO': {'ext_descrs': [['Tr. Red', 'TR.RED']], 'ext_ids': [41]}}",36,True,Trans-Red,C91A09
35,"{'BrickOwl': {'ext_descrs': [['Transparent Black']], 'ext_ids': [95]}, 'Peeron': {'ext_descrs': [['smoke']], 'ext_ids': [None]}, 'BrickLink': {'ext_descrs': [['Trans-Black']], 'ext_ids': [13]}, 'LDraw': {'ext_descrs': [['Trans_Black']], 'ext_ids': [40]}, 'LEGO': {'ext_descrs': [['Tr. Brown', 'TR.BROWN']], 'ext_ids': [111]}}",40,True,Trans-Black,635F52
36,"{'BrickOwl': {'ext_descrs': [['Transparent Light Blue']], 'ext_ids': [101]}, 'Peeron': {'ext_descrs': [['trltblue']], 'ext_ids': [None]}, 'BrickLink': {'ext_descrs': [['Trans-Light Blue']], 'ext_ids': [15]}, 'LDraw': {'ext_descrs': [['Trans_Medium_Blue']], 'ext_ids': [43]}, 'LEGO': {'ext_descrs': [['Tr. Lg blue', 'TR.L.BLUE', '1.MULT']], 'ext_ids': [42]}}",41,True,Trans-Light Blue,AEEFEC
37,"{'BrickOwl': {'ext_descrs': [['Transparent Neon Green']], 'ext_ids': [103]}, 'Peeron': {'ext_descrs': [['trneongreen']], 'ext_ids': [None]}, 'BrickLink': {'ext_descrs': [['Trans-Neon Green']], 'ext_ids': [16]}, 'LDraw': {'ext_descrs': [['Trans_Neon_Green']], 'ext_ids': [42]}, 'LEGO': {'ext_descrs': [['Tr. Flu. Green', 'TR.FL.GREEN']], 'ext_ids': [49]}}",42,True,Trans-Neon Green,F8F184
38,"{'BrickOwl': {'ext_descrs': [['Transparent Very Light Blue']], 'ext_ids': [25]}, 'Peeron': {'ext_descrs': [['triceblue']], 'ext_ids': [None]}, 'BrickLink': {'ext_descrs': [['Trans-Very Lt Blue']], 'ext_ids': [113]}, 'LDraw': {'ext_descrs': [['Trans_Light_Blue']], 'ext_ids': [39]}, 'LEGO': {'ext_descrs': [['Transparent Light Bluish Green', 'TR. LGH. BL. GR']], 'ext_ids': [229]}}",43,True,Trans-Very Lt Blue,C1DFF0
39,"{'BrickOwl': {'ext_descrs': [['Transparent Dark Pink']], 'ext_ids': [99]}, 'Peeron': {'ext_descrs': [['trpink']], 'ext_ids': [None]}, 'BrickLink': {'ext_descrs': [['Trans-Dark Pink']], 'ext_ids': [50]}, 'LDraw': {'ext_descrs': [['Trans_Dark_Pink']], 'ext_ids': [37]}, 'LEGO': {'ext_descrs': [['Tr. Medi. reddish violet', 'TR.ML.R.VIOL']], 'ext_ids': [113]}}",45,True,Trans-Dark Pink,DF6695
40,"{'BrickOwl': {'ext_descrs': [['Transparent Yellow']], 'ext_ids': [109]}, 'Peeron': {'ext_descrs': [['tryellow'], ['trltyellow']], 'ext_ids': [None, None]}, 'BrickLink': {'ext_descrs': [['Trans-Yellow']], 'ext_ids': [19]}, 'LDraw': {'ext_descrs': [['Trans_Yellow']], 'ext_ids': [46]}, 'LEGO': {'ext_descrs': [['Tr. Yellow', 'TR.YEL']], 'ext_ids': [44]}}",46,True,Trans-Yellow,F5CD2F
41,"{'BrickOwl': {'ext_descrs': [['Transparent']], 'ext_ids': [97]}, 'Peeron': {'ext_descrs': [['clear']], 'ext_ids': [None]}, 'BrickLink': {'ext_descrs': [['Trans-Clear']], 'ext_ids': [12]}, 'LDraw': {'ext_descrs': [['Trans_Clear']], 'ext_ids': [47]}, 'LEGO': {'ext_descrs': [['Transparent', 'TR.']], 'ext_ids': [40]}}",47,True,Trans-Clear,FCFCFC
42,"{'BrickOwl': {'ext_descrs': [['Transparent Purple']], 'ext_ids': [107]}, 'Peeron': {'ext_descrs': [['trpurple']], 'ext_ids': [None]}, 'BrickLink': {'ext_descrs': [['Trans-Purple']], 'ext_ids': [51]}, 'LDraw': {'ext_descrs': [['Trans_Purple']], 'ext_ids': [52]}, 'LEGO': {'ext_descrs': [['Tr. Bright bluish violet', 'TR.KL.BL.VIO'], ['TR. BR. RED. LI']], 'ext_ids': [126, 236]}}",52,True,Trans-Purple,A5A5CB
43,"{'BrickOwl': {'ext_descrs': [['Transparent Neon Yellow']], 'ext_ids': [104]}, 'Peeron': {'ext_descrs': [['trpeach']], 'ext_ids': [None]}, 'BrickLink': {'ext_descrs': [['Trans-Neon Yellow']], 'ext_ids': [121]}, 'LDraw': {'ext_descrs': [['Trans_Neon_Yellow']], 'ext_ids': [54]}, 'LEGO': {'ext_descrs': [['Transparent Fluorescent Yellow']], 'ext_ids': [157]}}",54,True,Trans-Neon Yellow,DAB000
44,"{'BrickOwl': {'ext_descrs': [['Transparent Neon Reddish Orange']], 'ext_ids': [161]}, 'Peeron': {'ext_descrs': [['trneonorange']], 'ext_ids': [None]}, 'BrickLink': {'ext_descrs': [['Trans-Neon Orange']], 'ext_ids': [18]}, 'LDraw': {'ext_descrs': [['Trans_Neon_Orange']], 'ext_ids': [38]}, 'LEGO': {'ext_descrs': [['Tr. Flu. Reddish orange', 'TR.FL.REDORA']], 'ext_ids': [47]}}",57,True,Trans-Neon Orange,FF800D
45,"{'BrickOwl': {'ext_descrs': [['Chrome Brass']], 'ext_ids': [110]}, 'Peeron': {'ext_descrs': [['chromebrass']], 'ext_ids': [None]}, 'BrickLink': {'ext_descrs': [['Chrome Antique Brass']], 'ext_ids': [57]}, 'LDraw': {'ext_descrs': [['Chrome_Antique_Brass']], 'ext_ids': [60]}}",60,False,Chrome Antique Brass,645A4C
46,"{'BrickOwl': {'ext_descrs': [['Chrome Blue']], 'ext_ids': [112]}, 'Peeron': {'ext_descrs': [['chromeblue']], 'ext_ids': [None]}, 'BrickLink': {'ext_descrs': [['Chrome Blue']], 'ext_ids': [52]}, 'LDraw': {'ext_descrs': [['Chrome_Blue']], 'ext_ids': [61]}}",61,False,Chrome Blue,6C96BF
47,"{'BrickOwl': {'ext_descrs': [['Chrome Green']], 'ext_ids': [113]}, 'Peeron': {'ext_descrs': [['chromegreen']], 'ext_ids': [None]}, 'BrickLink': {'ext_descrs': [['Chrome Green']], 'ext_ids': [64]}, 'LDraw': {'ext_descrs': [['Chrome_Green']], 'ext_ids': [62]}}",62,False,Chrome Green,3CB371
48,"{'BrickOwl': {'ext_descrs': [['Chrome Pink']], 'ext_ids': [114]}, 'Peeron': {'ext_descrs': [['chromepink']], 'ext_ids': [None]}, 'BrickLink': {'ext_descrs': [['Chrome Pink']], 'ext_ids': [82]}, 'LDraw': {'ext_descrs': [['Chrome_Pink']], 'ext_ids': [63]}}",63,False,Chrome Pink,AA4D8E
49,"{'BrickOwl': {'ext_descrs': [['Chrome Black']], 'ext_ids': [111]}, 'Peeron': {'ext_descrs': [['chromeblack']], 'ext_ids': [None]}, 'BrickLink': {'ext_descrs': [['Chrome Black']], 'ext_ids': [122]}, 'LDraw': {'ext_descrs': [['Chrome_Black']], 'ext_ids': [64]}}",64,False,Chrome Black,1B2A34
50,"{'BrickOwl': {'ext_descrs': [['Very Light Orange']], 'ext_ids': [91]}, 'Peeron': {'ext_descrs': [['paleorange']], 'ext_ids': [None]}, 'BrickLink': {'ext_descrs': [['Very Light Orange']], 'ext_ids': [96]}, 'LDraw': {'ext_descrs': [['Very_Light_Orange']], 'ext_ids': [68]}, 'LEGO': {'ext_descrs': [['Light Yellowish Orange']], 'ext_ids': [36]}}",68,False,Very Light Orange,F3CF9B
51,"{'BrickOwl': {'ext_descrs': [['Light Purple']], 'ext_ids': [69]}, 'Peeron': {'ext_descrs': [['ltpurple'], ['btpurple']], 'ext_ids': [None, None]}, 'BrickLink': {'ext_descrs': [['Light Purple']], 'ext_ids': [93]}, 'LDraw': {'ext_descrs': [['Light_Purple']], 'ext_ids': [69]}, 'LEGO': {'ext_descrs': [['Bright Reddish Lilac', 'BR. RED. LILAC']], 'ext_ids': [198]}}",69,False,Light Purple,CD6298
52,"{'BrickOwl': {'ext_descrs': [['Reddish Brown']], 'ext_ids': [82]}, 'Peeron': {'ext_descrs': [['redbrown']], 'ext_ids': [None]}, 'BrickLink': {'ext_descrs': [['Reddish Brown']], 'ext_ids': [88]}, 'LDraw': {'ext_descrs': [['Reddish_Brown']], 'ext_ids': [70]}, 'LEGO': {'ext_descrs': [['Reddish Brown', 'RED. BROWN']], 'ext_ids': [192]}}",70,False,Reddish Brown,582A12
53,"{'BrickOwl': {'ext_descrs': [['Medium Stone Gray']], 'ext_ids': [64]}, 'Peeron': {'ext_descrs': [['mdstone']], 'ext_ids': [None]}, 'BrickLink': {'ext_descrs': [['Light Bluish Gray']], 'ext_ids': [86]}, 'LDraw': {'ext_descrs': [['Light_Bluish_Gray']], 'ext_ids': [71]}, 'LEGO': {'ext_descrs': [['Medium stone grey', 'MED. ST-GREY']], 'ext_ids': [194]}}",71,False,Light Bluish Gray,A0A5A9
54,"{'BrickOwl': {'ext_descrs': [['Dark Stone Gray']], 'ext_ids': [50]}, 'Peeron': {'ext_descrs': [['dkstone']], 'ext_ids': [None]}, 'BrickLink': {'ext_descrs': [['Dark Bluish Gray']], 'ext_ids': [85]}, 'LDraw': {'ext_descrs': [['Dark_Bluish_Gray']], 'ext_ids': [72]}, 'LEGO': {'ext_descrs': [['Dark stone grey', 'DK. ST. GREY']], 'ext_ids': [199]}}",72,False,Dark Bluish Gray,6C6E68
55,"{'BrickOwl': {'ext_descrs': [['Medium Blue']], 'ext_ids': [14]}, 'Peeron': {'ext_descrs': [['mdblue']], 'ext_ids': [None]}, 'BrickLink': {'ext_descrs': [['Medium Blue']], 'ext_ids': [42]}, 'LDraw': {'ext_descrs': [['Medium_Blue']], 'ext_ids': [73]}, 'LEGO': {'ext_descrs': [['Medium blue', 'MD.BLUE']], 'ext_ids': [102]}}",73,False,Medium Blue,5A93DB
56,"{'BrickOwl': {'ext_descrs': [['Medium Green']], 'ext_ids': [10]}, 'Peeron': {'ext_descrs': [['mdgreen']], 'ext_ids': [None]}, 'BrickLink': {'ext_descrs': [['Medium Green']], 'ext_ids': [37]}, 'LDraw': {'ext_descrs': [['Medium_Green']], 'ext_ids': [74]}, 'LEGO': {'ext_descrs': [['Medium green', 'MD.GREEN']], 'ext_ids': [29]}}",74,False,Medium Green,73DCA1
57,"{'BrickOwl': {'ext_descrs': [['Speckle Black Copper']], 'ext_ids': [133]}, 'Peeron': {'ext_descrs': [['blackcopperglitter']], 'ext_ids': [None]}, 'BrickLink': {'ext_descrs': [['Speckle Black-Copper']], 'ext_ids': [116]}, 'LDraw': {'ext_descrs': [['Speckle_Black_Copper']], 'ext_ids': [75]}, 'LEGO': {'ext_descrs': [['COP. DIF.']], 'ext_ids': [75]}}",75,False,Speckle Black-Copper,000000
58,"{'BrickOwl': {'ext_descrs': [['Speckle Gray']], 'ext_ids': [134]}, 'Peeron': {'ext_descrs': [['dkstoneglitter']], 'ext_ids': [None]}, 'BrickLink': {'ext_descrs': [['Speckle DBGray-Silver']], 'ext_ids': [117]}, 'LDraw': {'ext_descrs': [['Speckle_Dark_Bluish_Gray_Silver']], 'ext_ids': [76]}}",76,False,Speckle DBGray-Silver,635F61
59,"{'BrickOwl': {'ext_descrs': [['Light Pink']], 'ext_ids': [68]}, 'Peeron': {'ext_descrs': [['parapink'], ['ltpink']], 'ext_ids': [None, None]}, 'BrickLink': {'ext_descrs': [['Light Pink']], 'ext_ids': [56]}, 'LDraw': {'ext_descrs': [['Light_Pink']], 'ext_ids': [77]}, 'LEGO': {'ext_descrs': [['Light Pink']], 'ext_ids': [223]}}",77,False,Light Pink,FECCCF
60,"{'BrickOwl': {'ext_descrs': [['Light Flesh']], 'ext_ids': [65]}, 'Peeron': {'ext_descrs': [['ltflesh']], 'ext_ids': [None]}, 'BrickLink': {'ext_descrs': [['Light Flesh']], 'ext_ids': [90]}, 'LDraw': {'ext_descrs': [['Light_Flesh']], 'ext_ids': [78]}, 'LEGO': {'ext_descrs': [['Light Nougat', 'L.NOUGAT']], 'ext_ids': [283]}}",78,False,Light Flesh,F6D7B3
61,"{'BrickOwl': {'ext_descrs': [['Translucent White']], 'ext_ids': [130]}, 'Peeron': {'ext_descrs': [['trluwhite']], 'ext_ids': [None]}, 'BrickLink': {'ext_descrs': [['Milky White']], 'ext_ids': [60]}, 'LDraw': {'ext_descrs': [['Milky_White']], 'ext_ids': [79]}, 'LEGO': {'ext_descrs': [['Nature']], 'ext_ids': [20]}}",79,False,Milky White,FFFFFF
62,"{'BrickOwl': {'ext_descrs': [['Metallic Silver']], 'ext_ids': [126]}, 'Peeron': {'ext_descrs': [['metallicsilver']], 'ext_ids': [None]}, 'BrickLink': {'ext_descrs': [['Metallic Silver']], 'ext_ids': [67]}, 'LDraw': {'ext_descrs': [['Metallic_Silver']], 'ext_ids': [80]}, 'LEGO': {'ext_descrs': [['C.SILVER, DR. L'], ['C.SILVER'], ['SILVER INK']], 'ext_ids': [1002, 1015, 336]}}",80,False,Metallic Silver,A5A9B4
63,"{'BrickOwl': {'ext_descrs': [['Metallic Green']], 'ext_ids': [125]}, 'Peeron': {'ext_descrs': [['metallicgreen']], 'ext_ids': [None]}, 'BrickLink': {'ext_descrs': [['Metallic Green']], 'ext_ids': [70]}, 'LDraw': {'ext_descrs': [['Metallic_Green']], 'ext_ids': [81]}, 'LEGO': {'ext_descrs': [['Lemon Metallic']], 'ext_ids': [200]}}",81,False,Metallic Green,899B5F
64,"{'BrickOwl': {'ext_descrs': [['Metallic Gold']], 'ext_ids': [124]}, 'Peeron': {'ext_descrs': [['metallicgold']], 'ext_ids': [None]}, 'BrickLink': {'ext_descrs': [['Metallic Gold']], 'ext_ids': [65]}, 'LDraw': {'ext_descrs': [['Metallic_Gold']], 'ext_ids': [82]}, 'LEGO': {'ext_descrs': [['W.GOLD, DR.LA.'], ['GOLD INK']], 'ext_ids': [1004, 335]}}",82,False,Metallic Gold,DBAC34
65,"{'BrickOwl': {'ext_descrs': [['Medium Dark Flesh']], 'ext_ids': [74]}, 'Peeron': {'ext_descrs': [['mddkflesh']], 'ext_ids': [None]}, 'BrickLink': {'ext_descrs': [['Medium Dark Flesh']], 'ext_ids': [150]}, 'LDraw': {'ext_descrs': [['Medium_Dark_Flesh']], 'ext_ids': [84]}, 'LEGO': {'ext_descrs': [['Medium Nougat', 'M. NOUGAT']], 'ext_ids': [312]}}",84,False,Medium Dark Flesh,CC702A
66,"{'BrickOwl': {'ext_descrs': [['Dark Purple']], 'ext_ids': [55]}, 'Peeron': {'ext_descrs': [['mdlilac']], 'ext_ids': [None]}, 'BrickLink': {'ext_descrs': [['Dark Purple']], 'ext_ids': [89]}, 'LDraw': {'ext_descrs': [['Dark_Purple']], 'ext_ids': [85]}, 'LEGO': {'ext_descrs': [['Medium Lilac', 'M. LILAC']], 'ext_ids': [268]}}",85,False,Dark Purple,3F3691
67,"{'BrickOwl': {'ext_descrs': [['Dark Flesh']], 'ext_ids': [52]}, 'Peeron': {'ext_descrs': [['dkflesh']], 'ext_ids': [None]}, 'BrickLink': {'ext_descrs': [['Dark Flesh']], 'ext_ids': [91]}, 'LDraw': {'ext_descrs': [['Dark_Flesh']], 'ext_ids': [86]}, 'LEGO': {'ext_descrs': [['BROWN']], 'ext_ids': [86]}}",86,False,Dark Flesh,7C503A
68,"{'LDraw': {'ext_descrs': [['Blue_Violet']], 'ext_ids': [89]}, 'LEGO': {'ext_descrs': [['R. BLUE']], 'ext_ids': [195]}}",89,False,Royal Blue,4C61DB
69,"{'BrickOwl': {'ext_descrs': [['Flesh']], 'ext_ids': [6]}, 'Peeron': {'ext_descrs': [['flesh']], 'ext_ids': [None]}, 'BrickLink': {'ext_descrs': [['Flesh']], 'ext_ids': [28]}, 'LDraw': {'ext_descrs': [['Flesh']], 'ext_ids': [92]}, 'LEGO': {'ext_descrs': [['Nougat']], 'ext_ids': [18]}}",92,False,Flesh,D09168
70,"{'BrickOwl': {'ext_descrs': [['Light Salmon']], 'ext_ids': [5]}, 'Peeron': {'ext_descrs': [['ltsalmon']], 'ext_ids': [None]}, 'BrickLink': {'ext_descrs': [['Light Salmon']], 'ext_ids': [26]}, 'LDraw': {'ext_descrs': [['Light_Salmon']], 'ext_ids': [100]}, 'LEGO': {'ext_descrs': [['Light red']], 'ext_ids': [100]}}",100,False,Light Salmon,FEBABD
71,"{'BrickOwl': {'ext_descrs': [['Violet']], 'ext_ids': [15]}, 'Peeron': {'ext_descrs': [['violet']], 'ext_ids': [None]}, 'BrickLink': {'ext_descrs': [['Violet']], 'ext_ids': [43]}, 'LDraw': {'ext_descrs': [['Violet']], 'ext_ids': [110]}, 'LEGO': {'ext_descrs': [['Bright Bluish Violet', 'BR.BLUEVIOL'], ['LILAC']], 'ext_ids': [110, 1009]}}",110,False,Violet,4354A3
72,"{'BrickOwl': {'ext_descrs': [['Royal Blue']], 'ext_ids': [40]}, 'Peeron': {'ext_descrs': [['royalblue']], 'ext_ids': [None]}, 'BrickLink': {'ext_descrs': [['Blue-Violet']], 'ext_ids': [97]}, 'LDraw': {'ext_descrs': [['Medium_Violet']], 'ext_ids': [112]}, 'LEGO': {'ext_descrs': [['Medium Bluish Violet', 'ML.BLUEVIOL']], 'ext_ids': [112]}}",112,False,Blue-Violet,6874CA
73,"{'BrickOwl': {'ext_descrs': [['Transparent Pink Glitter']], 'ext_ids': [132]}, 'Peeron': {'ext_descrs': [['trpinkglitter']], 'ext_ids': [None]}, 'BrickLink': {'ext_descrs': [['Glitter Trans-Dark Pink']], 'ext_ids': [100]}, 'LDraw': {'ext_descrs': [['Glitter_Trans_Dark_Pink']], 'ext_ids': [114]}, 'LEGO': {'ext_descrs': [['Tr. Medium Reddish-Violet w. Glitter 2%', 'TR.M.R.V.GLI']], 'ext_ids': [114]}}",114,True,Glitter Trans-Dark Pink,DF6695
74,"{'BrickOwl': {'ext_descrs': [['Medium Lime']], 'ext_ids': [77]}, 'Peeron': {'ext_descrs': [['mdlime']], 'ext_ids': [None]}, 'BrickLink': {'ext_descrs': [['Medium Lime']], 'ext_ids': [76]}, 'LDraw': {'ext_descrs': [['Medium_Lime']], 'ext_ids': [115]}, 'LEGO': {'ext_descrs': [['Med. yellowish green', 'MD.YEL-GREEN']], 'ext_ids': [115]}}",115,False,Medium Lime,C7D23C
75,"{'BrickOwl': {'ext_descrs': [['Transparent Glitter']], 'ext_ids': [131]}, 'Peeron': {'ext_descrs': [['clearglitter']], 'ext_ids': [None]}, 'BrickLink': {'ext_descrs': [['Glitter Trans-Clear']], 'ext_ids': [101]}, 'LDraw': {'ext_descrs': [['Glitter_Trans_Clear']], 'ext_ids': [117]}, 'LEGO': {'ext_descrs': [['Transparent Glitter', 'TR.W.GLITTER']], 'ext_ids': [117]}}",117,True,Glitter Trans-Clear,FFFFFF
76,"{'BrickOwl': {'ext_descrs': [['Aqua']], 'ext_ids': [13]}, 'Peeron': {'ext_descrs': [['aqua']], 'ext_ids': [None]}, 'BrickLink': {'ext_descrs': [['Aqua']], 'ext_ids': [41]}, 'LDraw': {'ext_descrs': [['Aqua']], 'ext_ids': [118]}, 'LEGO': {'ext_descrs': [['Light bluish green', 'L.BLUE-GREEN']], 'ext_ids': [118]}}",118,False,Aqua,B3D7D1
77,"{'BrickOwl': {'ext_descrs': [['Light Lime']], 'ext_ids': [67]}, 'Peeron': {'ext_descrs': [['ltlime']], 'ext_ids': [None]}, 'BrickLink': {'ext_descrs': [['Light Lime']], 'ext_ids': [35]}, 'LDraw': {'ext_descrs': [['Light_Lime']], 'ext_ids': [120]}, 'LEGO': {'ext_descrs': [['Lig. yellowish green', 'L.YEL-GREEN']], 'ext_ids': [120]}}",120,False,Light Lime,D9E4A7
78,"{'BrickOwl': {'ext_descrs': [['Light Orange']], 'ext_ids': [8]}, 'Peeron': {'ext_descrs': [['ltorange']], 'ext_ids': [None]}, 'BrickLink': {'ext_descrs': [['Light Orange']], 'ext_ids': [32]}, 'LDraw': {'ext_descrs': [['Light_Orange']], 'ext_ids': [125]}}",125,False,Light Orange,F9BA61
79,"{'BrickOwl': {'ext_descrs': [['Transparent Purple Glitter']], 'ext_ids': [22]}, 'Peeron': {'ext_descrs': [['trpurpleglitter']], 'ext_ids': [None]}, 'BrickLink': {'ext_descrs': [['Glitter Trans-Purple']], 'ext_ids': [102]}, 'LDraw': {'ext_descrs': [['Glitter_Trans_Purple']], 'ext_ids': [129]}, 'LEGO': {'ext_descrs': [['Tr. Bright Bluish Violet w. Glitter 2%', 'TR.BR.BL.V.G']], 'ext_ids': [129]}}",129,True,Glitter Trans-Purple,A5A5CB
80,"{'BrickOwl': {'ext_descrs': [['Speckle Black']], 'ext_ids': [24]}, 'Peeron': {'ext_descrs': [['blackglitter']], 'ext_ids': [None]}, 'BrickLink': {'ext_descrs': [['Speckle Black-Silver']], 'ext_ids': [111]}, 'LDraw': {'ext_descrs': [['Speckle_Black_Silver']], 'ext_ids': [132]}, 'LEGO': {'ext_descrs': [['Black Glitter', 'CO.SILVER DIF']], 'ext_ids': [132]}}",132,False,Speckle Black-Silver,000000
81,"{'BrickOwl': {'ext_descrs': [['Speckle Black Gold']], 'ext_ids': [35]}, 'BrickLink': {'ext_descrs': [['Speckle Black-Gold']], 'ext_ids': [151]}, 'LDraw': {'ext_descrs': [['Speckle_Black_Gold']], 'ext_ids': [133]}}",133,False,Speckle Black-Gold,000000
82,"{'BrickOwl': {'ext_descrs': [['Copper']], 'ext_ids': [116]}, 'Peeron': {'ext_descrs': [['pearlcopper']], 'ext_ids': [None]}, 'BrickLink': {'ext_descrs': [['Copper']], 'ext_ids': [84]}, 'LDraw': {'ext_descrs': [['Copper']], 'ext_ids': [134]}, 'LEGO': {'ext_descrs': [['Copper', 'RED. GOLD'], ['COPPER INK'], ['COPPER, DR.LA.']], 'ext_ids': [139, 1016, 134]}}",134,False,Copper,AE7A59
83,"{'BrickOwl': {'ext_descrs': [['Pearl Light Gray']], 'ext_ids': [122]}, 'Peeron': {'ext_descrs': [['pearlltgray']], 'ext_ids': [None]}, 'BrickLink': {'ext_descrs': [['Pearl Light Gray']], 'ext_ids': [66]}, 'LDraw': {'ext_descrs': [['Pearl_Light_Gray']], 'ext_ids': [135]}, 'LEGO': {'ext_descrs': [['Silver flip/flop', 'SILVER'], ['Cool silver'], ['Cool silver'], ['Silver']], 'ext_ids': [179, 298, 296, 131]}}",135,False,Pearl Light Gray,9CA3A8
84,"{'BrickOwl': {'ext_descrs': [['Metallic Blue']], 'ext_ids': [118]}, 'Peeron': {'ext_descrs': [['pearlblue']], 'ext_ids': [None]}, 'BrickLink': {'ext_descrs': [['Metal Blue']], 'ext_ids': [78]}, 'LDraw': {'ext_descrs': [['Metal_Blue']], 'ext_ids': [137]}, 'LEGO': {'ext_descrs': [['Sand blue metallic'], ['Metal Blue', 'MET.SAND.BLU']], 'ext_ids': [145, 137]}}",137,False,Metal Blue,7988A1
85,"{'BrickOwl': {'ext_descrs': [['Pearl Light Gold']], 'ext_ids': [121]}, 'Peeron': {'ext_descrs': [['pearlltgold']], 'ext_ids': [None]}, 'BrickLink': {'ext_descrs': [['Pearl Light Gold']], 'ext_ids': [61]}, 'LDraw': {'ext_descrs': [['Pearl_Light_Gold']], 'ext_ids': [142]}, 'LEGO': {'ext_descrs': [['Gold']], 'ext_ids': [127]}}",142,False,Pearl Light Gold,DCBC81
86,"{'BrickOwl': {'ext_descrs': [['Transparent Medium Blue']], 'ext_ids': [102]}, 'Peeron': {'ext_descrs': [['trmdblue']], 'ext_ids': [None]}, 'BrickLink': {'ext_descrs': [['Trans-Medium Blue']], 'ext_ids': [74]}, 'LDraw': {'ext_descrs': [['']], 'ext_ids': [41]}, 'LEGO': {'ext_descrs': [['Tr. Flu. Blue', 'TR.FL. BLUE']], 'ext_ids': [143]}}",143,True,Trans-Medium Blue,CFE2F7
87,"{'BrickOwl': {'ext_descrs': [['Pearl Dark Gray']], 'ext_ids': [119]}, 'Peeron': {'ext_descrs': [['pearldkgray']], 'ext_ids': [None]}, 'BrickLink': {'ext_descrs': [['Pearl Dark Gray']], 'ext_ids': [77]}, 'LDraw': {'ext_descrs': [['Metallic_Black'], ['Pearl_Dark_Gray'], ['Metallic_Dark_Gray']], 'ext_ids': [83, 148, 87]}, 'LEGO': {'ext_descrs': [['Titanium Metallic', 'TITAN. METAL.'], ['Mettalic Dark Grey', 'MET.DK.GREY']], 'ext_ids': [316, 148]}}",148,False,Pearl Dark Gray,575857
88,"{'BrickOwl': {'ext_descrs': [['Pearl Very Light Gray']], 'ext_ids': [27]}, 'Peeron': {'ext_descrs': [['pearlvlgray']], 'ext_ids': [None]}, 'BrickLink': {'ext_descrs': [['Pearl Very Light Gray']], 'ext_ids': [119]}, 'LDraw': {'ext_descrs': [['Pearl_Very_Light_Grey']], 'ext_ids': [150]}}",150,False,Pearl Very Light Gray,ABADAC
89,"{'BrickOwl': {'ext_descrs': [['Light Stone Gray']], 'ext_ids': [90]}, 'Peeron': {'ext_descrs': [['ltstone']], 'ext_ids': [None]}, 'BrickLink': {'ext_descrs': [['Very Light Bluish Gray']], 'ext_ids': [99]}, 'LDraw': {'ext_descrs': [['Very_Light_Bluish_Gray']], 'ext_ids': [151]}, 'LEGO': {'ext_descrs': [['Light stone grey', 'LGH. ST. GREY']], 'ext_ids': [208]}}",151,False,Very Light Bluish Gray,E6E3E0
90,"{'BrickOwl': {'ext_descrs': [['Yellowish Green']], 'ext_ids': [94]}, 'BrickLink': {'ext_descrs': [['Yellowish Green']], 'ext_ids': [158]}, 'LEGO': {'ext_descrs': [['Spring Yellow Green', 'SPR. YELL. GREE']], 'ext_ids': [326]}}",158,False,Yellowish Green,DFEEA5
91,"{'BrickOwl': {'ext_descrs': [['Flat Dark Gold']], 'ext_ids': [21]}, 'Peeron': {'ext_descrs': [['pearldkgold']], 'ext_ids': [None]}, 'BrickLink': {'ext_descrs': [['Flat Dark Gold']], 'ext_ids': [81]}, 'LDraw': {'ext_descrs': [['Flat_Dark_Gold']], 'ext_ids': [178]}, 'LEGO': {'ext_descrs': [['Gold Metallic', 'MET.SAND.YEL']], 'ext_ids': [1001]}}",178,False,Flat Dark Gold,B48455
92,"{'BrickOwl': {'ext_descrs': [['Flat Silver']], 'ext_ids': [117]}, 'Peeron': {'ext_descrs': [['pearlsilver']], 'ext_ids': [None]}, 'BrickLink': {'ext_descrs': [['Flat Silver']], 'ext_ids': [95]}, 'LDraw': {'ext_descrs': [['Flat_Silver']], 'ext_ids': [179]}, 'LEGO': {'ext_descrs': [['Silver Metallic', 'SILVER MET.']], 'ext_ids': [315]}}",179,False,Flat Silver,898788
93,"{'BrickOwl': {'ext_descrs': [['Transparent Orange']], 'ext_ids': [105]}, 'Peeron': {'ext_descrs': [['trdkorange']], 'ext_ids': [None]}, 'BrickLink': {'ext_descrs': [['Trans-Orange']], 'ext_ids': [98]}, 'LDraw': {'ext_descrs': [['Trans_Orange']], 'ext_ids': [57]}, 'LEGO': {'ext_descrs': [['Tr. Bright Orange', 'TR. BR. ORANGE']], 'ext_ids': [182]}}",182,True,Trans-Orange,F08F1C
94,"{'BrickOwl': {'ext_descrs': [['Pearlescent']], 'ext_ids': [123]}, 'Peeron': {'ext_descrs': [['pearlescent']], 'ext_ids': [None]}, 'BrickLink': {'ext_descrs': [['Pearl White']], 'ext_ids': [83]}, 'LDraw': {'ext_descrs': [['Pearl_White']], 'ext_ids': [183]}, 'LEGO': {'ext_descrs': [['Metallic White', 'MET. WHITE']], 'ext_ids': [183]}}",183,False,Pearl White,F2F3F2
95,"{'BrickOwl': {'ext_descrs': [['Bright Light Orange']], 'ext_ids': [43]}, 'Peeron': {'ext_descrs': [['btltorange']], 'ext_ids': [None]}, 'BrickLink': {'ext_descrs': [['Bright Light Orange']], 'ext_ids': [110]}, 'LDraw': {'ext_descrs': [['Bright_Light_Orange']], 'ext_ids': [191]}, 'LEGO': {'ext_descrs': [['Flame yellowish orange', 'FL. YELL-ORA']], 'ext_ids': [191]}}",191,False,Bright Light Orange,F8BB3D
96,"{'BrickOwl': {'ext_descrs': [['Bright Light Blue']], 'ext_ids': [42]}, 'Peeron': {'ext_descrs': [['ltroyalblue'], ['btltblue']], 'ext_ids': [None, None]}, 'BrickLink': {'ext_descrs': [['Bright Light Blue']], 'ext_ids': [105]}, 'LDraw': {'ext_descrs': [['Bright_Light_Blue']], 'ext_ids': [212]}, 'LEGO': {'ext_descrs': [['Light Royal blue', 'LGH. ROY. BLUE']], 'ext_ids': [212]}}",212,False,Bright Light Blue,9FC3E9
97,"{'BrickOwl': {'ext_descrs': [['Rust']], 'ext_ids': [83]}, 'Peeron': {'ext_descrs': [['rust']], 'ext_ids': [None]}, 'BrickLink': {'ext_descrs': [['Rust']], 'ext_ids': [27]}, 'LDraw': {'ext_descrs': [['Rust']], 'ext_ids': [216]}, 'LEGO': {'ext_descrs': [['Rust']], 'ext_ids': [216]}}",216,False,Rust,B31004
98,"{'BrickOwl': {'ext_descrs': [['Bright Light Yellow']], 'ext_ids': [44]}, 'Peeron': {'ext_descrs': [['coolyellow']], 'ext_ids': [None]}, 'BrickLink': {'ext_descrs': [['Bright Light Yellow']], 'ext_ids': [103]}, 'LDraw': {'ext_descrs': [['Bright_Light_Yellow']], 'ext_ids': [226]}, 'LEGO': {'ext_descrs': [['Cool Yellow', 'COOL YEL.']], 'ext_ids': [226]}}",226,False,Bright Light Yellow,FFF03A
99,"{'BrickOwl': {'ext_descrs': [['Transparent Pink']], 'ext_ids': [106]}, 'Peeron': {'ext_descrs': [['trltpink']], 'ext_ids': [None]}, 'BrickLink': {'ext_descrs': [['Trans-Pink']], 'ext_ids': [107]}, 'LDraw': {'ext_descrs': [['Trans_Pink']], 'ext_ids': [45]}, 'LEGO': {'ext_descrs': [['TR. BR. PURPLE']], 'ext_ids': [230]}}",230,True,Trans-Pink,E4ADC8
